[
  {
    "value": "light-bulb",
    "synonyms": [
      "bulb",
      "light-bulb",
      "replace bulb",
      "replace light-bulb"
    ]
  },
  {
    "value": "oil",
    "synonyms": [
      "change oil",
      "new oil",
      "oil",
      "pour oil"
    ]
  },
  {
    "value": "repair",
    "synonyms": [
      "broken",
      "car broken",
      "car problem",
      "engine problem",
      "problem",
      "repair",
      "something wrong"
    ]
  },
  {
    "value": "tyres",
    "synonyms": [
      "change tyres",
      "new tyres",
      "replace tyres",
      "summer tyres",
      "tyres",
      "winter tyres"
    ]
  }
]