[
  {
    "id": "26daea21-e514-40d6-ad6e-fc04fcc0d634",
    "data": [
      {
        "text": "i want to ",
        "userDefined": false
      },
      {
        "text": "change oil",
        "alias": "service",
        "meta": "@service",
        "userDefined": false
      },
      {
        "text": " in my car when can i come",
        "userDefined": false
      }
    ],
    "isTemplate": false,
    "count": 0,
    "updated": 0
  },
  {
    "id": "3fe55fae-195a-424d-adce-a6b1166ef3f8",
    "data": [
      {
        "text": "i need to change ",
        "userDefined": false
      },
      {
        "text": "bulb",
        "alias": "service",
        "meta": "@service",
        "userDefined": false
      },
      {
        "text": " ",
        "userDefined": false
      },
      {
        "text": "day after tommorow",
        "alias": "date",
        "meta": "@sys.date",
        "userDefined": false
      }
    ],
    "isTemplate": false,
    "count": 0,
    "updated": 0
  },
  {
    "id": "ecb099d0-84ff-439e-b484-5245bb461422",
    "data": [
      {
        "text": "which hours are you free",
        "userDefined": false
      }
    ],
    "isTemplate": false,
    "count": 0,
    "updated": 0
  },
  {
    "id": "8c54874a-b215-4990-b7bc-88dba9d6de7e",
    "data": [
      {
        "text": "when i can come",
        "userDefined": false
      }
    ],
    "isTemplate": false,
    "count": 0,
    "updated": 0
  },
  {
    "id": "290054f8-42cc-4835-84bf-0a7bd3af3676",
    "data": [
      {
        "text": "when can i come  to change ",
        "userDefined": false
      },
      {
        "text": "bulb",
        "alias": "service",
        "meta": "@service",
        "userDefined": false
      },
      {
        "text": "?",
        "userDefined": false
      }
    ],
    "isTemplate": false,
    "count": 0,
    "updated": 0
  },
  {
    "id": "97cfe437-931b-4762-82cc-994e13f3817b",
    "data": [
      {
        "text": "i need to ",
        "userDefined": false
      },
      {
        "text": "change tyres",
        "alias": "service",
        "meta": "@service",
        "userDefined": false
      },
      {
        "text": ", which hours are available?",
        "userDefined": false
      }
    ],
    "isTemplate": false,
    "count": 0,
    "updated": 0
  },
  {
    "id": "e14e9f7b-de2a-4c59-82c2-934bacb106cb",
    "data": [
      {
        "text": "i need ",
        "userDefined": false
      },
      {
        "text": "repair",
        "alias": "service",
        "meta": "@service",
        "userDefined": false
      },
      {
        "text": " can you give me avi hours?",
        "userDefined": false
      }
    ],
    "isTemplate": false,
    "count": 0,
    "updated": 0
  },
  {
    "id": "e8f75c3c-acaf-49a3-9f42-b05a378071e0",
    "data": [
      {
        "text": "i need available hour ",
        "userDefined": false
      },
      {
        "text": "today",
        "alias": "date",
        "meta": "@sys.date",
        "userDefined": false
      },
      {
        "text": " for change ",
        "userDefined": false
      },
      {
        "text": "bulb",
        "alias": "service",
        "meta": "@service",
        "userDefined": false
      }
    ],
    "isTemplate": false,
    "count": 0,
    "updated": 0
  },
  {
    "id": "04ff4aae-3b84-42f8-8df5-13a77d635cf6",
    "data": [
      {
        "text": "i want to know available hours for ",
        "userDefined": false
      },
      {
        "text": "tommorow",
        "alias": "date",
        "meta": "@sys.date",
        "userDefined": false
      }
    ],
    "isTemplate": false,
    "count": 0,
    "updated": 0
  }
]