[
  {
    "id": "00c1e9f3-24cf-4927-a1d4-c8c14010610b",
    "data": [
      {
        "text": "4 am",
        "meta": "@sys.ignore",
        "userDefined": false
      }
    ],
    "isTemplate": false,
    "count": 0,
    "updated": 0
  },
  {
    "id": "8e5d3c9c-fe77-4c02-a783-e59714929d59",
    "data": [
      {
        "text": "What time do you open ",
        "userDefined": false
      },
      {
        "text": "tomorrow",
        "alias": "date",
        "meta": "@sys.date",
        "userDefined": true
      },
      {
        "text": " ",
        "userDefined": false
      },
      {
        "text": "morning",
        "meta": "@sys.ignore",
        "userDefined": false
      },
      {
        "text": "?",
        "userDefined": false
      }
    ],
    "isTemplate": false,
    "count": 0,
    "updated": 0
  },
  {
    "id": "9c25bc7e-b3ab-44b6-9bd1-b95bf11dc275",
    "data": [
      {
        "text": "When do you close?",
        "userDefined": false
      }
    ],
    "isTemplate": false,
    "count": 0,
    "updated": 0
  },
  {
    "id": "6710202d-e56d-4601-abf7-40b5f1d7ff35",
    "data": [
      {
        "text": "Are you open now?",
        "userDefined": false
      }
    ],
    "isTemplate": false,
    "count": 0,
    "updated": 0
  },
  {
    "id": "60b869db-12bf-4058-8ee3-66cea71f5248",
    "data": [
      {
        "text": "Business hours.",
        "userDefined": false
      }
    ],
    "isTemplate": false,
    "count": 0,
    "updated": 0
  },
  {
    "id": "88770a01-16e3-45b1-a6bd-221340e72e2d",
    "data": [
      {
        "text": "How early can I drop in?",
        "userDefined": false
      }
    ],
    "isTemplate": false,
    "count": 0,
    "updated": 0
  },
  {
    "id": "5aa8158a-f5c8-4a71-a99f-1d90d2626697",
    "data": [
      {
        "text": "Tell me your opening hours.",
        "userDefined": false
      }
    ],
    "isTemplate": false,
    "count": 0,
    "updated": 0
  },
  {
    "id": "29fa7ba6-12c0-43e5-9e49-a1b374a410e9",
    "data": [
      {
        "text": "What are your hours?",
        "userDefined": false
      }
    ],
    "isTemplate": false,
    "count": 0,
    "updated": 0
  },
  {
    "id": "55f7c8cf-1d41-49e0-aae6-bf2eb9a6d004",
    "data": [
      {
        "text": "How late can I come in?",
        "userDefined": false
      }
    ],
    "isTemplate": false,
    "count": 0,
    "updated": 0
  },
  {
    "id": "9b2f7453-ea04-4d22-b47a-3b32dba5d31f",
    "data": [
      {
        "text": "When can i come?",
        "userDefined": false
      }
    ],
    "isTemplate": false,
    "count": 0,
    "updated": 0
  },
  {
    "id": "60e8683a-f490-47b6-9364-b5acd7458ee7",
    "data": [
      {
        "text": "working hours",
        "userDefined": false
      }
    ],
    "isTemplate": false,
    "count": 0,
    "updated": 0
  }
]