[
  {
    "id": "8066fcf3-b81b-469f-bb6a-9bc6cb18a722",
    "data": [
      {
        "text": "i need to know how expensive are your services",
        "userDefined": false
      }
    ],
    "isTemplate": false,
    "count": 0,
    "updated": 0
  },
  {
    "id": "bca6604c-9065-443d-b4eb-9c3b7d6865d3",
    "data": [
      {
        "text": "i want to ",
        "userDefined": false
      },
      {
        "text": "change tyres",
        "alias": "service",
        "meta": "@service",
        "userDefined": false
      },
      {
        "text": ", how much it cost?",
        "userDefined": false
      }
    ],
    "isTemplate": false,
    "count": 0,
    "updated": 0
  },
  {
    "id": "f9c6bec7-5bd7-42ce-aaba-cb44612fe6fa",
    "data": [
      {
        "text": "how much changing ",
        "userDefined": false
      },
      {
        "text": "light-bulb",
        "alias": "service",
        "meta": "@service",
        "userDefined": false
      },
      {
        "text": " cost?",
        "userDefined": false
      }
    ],
    "isTemplate": false,
    "count": 0,
    "updated": 0
  },
  {
    "id": "2c9f19b6-8521-4c18-9459-5ef9f32c24c2",
    "data": [
      {
        "text": "could you tell me pricing?",
        "userDefined": false
      }
    ],
    "isTemplate": false,
    "count": 0,
    "updated": 0
  }
]